Date,Product,Branch,Price,Quantity,Total_Sales,Profit
2025-04-14,Smartphone,Alexandria,1217,1,1217,365.09999999999997
2025-11-12,Monitor,Alexandria,1339,2,2678,803.4
2025-05-27,Monitor,Mansoura,847,2,1694,508.2
2025-08-15,Monitor,Mansoura,1086,5,5430,1629.0
2025-08-28,Monitor,Cairo,153,3,459,137.7
2025-08-21,Headphones,Mansoura,307,1,307,92.1
2025-12-11,Headphones,Cairo,800,4,3200,960.0
2025-03-17,Monitor,Alexandria,1322,2,2644,793.1999999999999
2025-09-29,Monitor,Cairo,349,4,1396,418.8
2025-01-10,Smartphone,Cairo,1439,5,7195,2158.5
2025-07-21,Smartphone,Cairo,1410,1,1410,423.0
2025-01-12,Tablet,Mansoura,324,4,1296,388.8
2025-03-19,Monitor,Mansoura,1337,4,5348,1604.3999999999999
2025-02-06,Smartphone,Mansoura,1316,4,5264,1579.2
2025-03-26,Monitor,Mansoura,287,4,1148,344.4
2025-07-29,Monitor,Cairo,467,3,1401,420.3
2025-05-20,Monitor,Mansoura,880,1,880,264.0
2025-10-02,Headphones,Alexandria,1150,4,4600,1380.0
2025-01-17,Headphones,Alexandria,992,1,992,297.59999999999997
2025-09-15,Smartphone,Mansoura,1281,3,3843,1152.8999999999999
2025-09-30,Tablet,Mansoura,717,1,717,215.1
2025-04-12,Tablet,Cairo,823,2,1646,493.79999999999995
2025-11-17,Tablet,Alexandria,655,2,1310,393.0
2025-07-05,Laptop,Cairo,1357,4,5428,1628.3999999999999
2026-01-01,Tablet,Mansoura,1450,4,5800,1740.0
2025-12-25,Smartphone,Mansoura,535,1,535,160.5
2025-11-15,Headphones,Alexandria,1316,2,2632,789.6
2025-01-15,Headphones,Mansoura,1429,3,4287,1286.1
2025-10-12,Headphones,Mansoura,1381,3,4143,1242.8999999999999
2025-07-18,Smartphone,Mansoura,476,3,1428,428.4
2025-08-28,Smartphone,Mansoura,505,2,1010,303.0
2025-02-25,Smartphone,Alexandria,827,5,4135,1240.5
2025-01-14,Monitor,Mansoura,1235,2,2470,741.0
2025-09-18,Laptop,Cairo,807,1,807,242.1
2025-02-26,Monitor,Alexandria,1080,1,1080,324.0
2025-12-05,Smartphone,Mansoura,1123,1,1123,336.9
2025-08-25,Monitor,Mansoura,396,4,1584,475.2
2025-07-15,Headphones,Mansoura,884,1,884,265.2
2025-11-28,Laptop,Cairo,1423,1,1423,426.9
2025-02-22,Monitor,Cairo,970,4,3880,1164.0
2025-12-21,Smartphone,Mansoura,223,5,1115,334.5
2025-09-01,Smartphone,Mansoura,244,5,1220,366.0
2025-08-21,Headphones,Cairo,1148,3,3444,1033.2
2025-05-14,Headphones,Cairo,426,3,1278,383.4
2025-07-19,Tablet,Cairo,947,2,1894,568.1999999999999
2025-12-08,Monitor,Mansoura,1117,4,4468,1340.3999999999999
2025-02-08,Smartphone,Cairo,977,5,4885,1465.5
2025-02-05,Headphones,Alexandria,799,1,799,239.7
2025-06-30,Smartphone,Cairo,1461,4,5844,1753.2
2025-12-04,Smartphone,Cairo,1356,4,5424,1627.2
2025-12-04,Monitor,Cairo,1289,1,1289,386.7
2025-02-28,Tablet,Alexandria,1144,5,5720,1716.0
2025-08-29,Monitor,Cairo,873,3,2619,785.6999999999999
2025-11-18,Smartphone,Cairo,1393,5,6965,2089.5
2025-11-29,Monitor,Mansoura,568,1,568,170.4
2025-06-13,Headphones,Alexandria,1313,3,3939,1181.7
2025-09-30,Smartphone,Mansoura,675,2,1350,405.0
2025-12-05,Headphones,Cairo,1104,2,2208,662.4
2025-02-14,Tablet,Cairo,1391,2,2782,834.6
2025-07-03,Laptop,Cairo,897,2,1794,538.1999999999999
2025-08-07,Monitor,Mansoura,846,1,846,253.79999999999998
2025-06-16,Monitor,Alexandria,1288,4,5152,1545.6
2025-07-28,Monitor,Cairo,856,4,3424,1027.2
2025-12-12,Headphones,Mansoura,800,3,2400,720.0
2025-02-25,Smartphone,Cairo,918,2,1836,550.8
2025-04-05,Headphones,Cairo,294,4,1176,352.8
2025-11-22,Monitor,Alexandria,1142,5,5710,1713.0
2025-05-13,Tablet,Cairo,1493,4,5972,1791.6
2025-04-15,Tablet,Alexandria,1314,5,6570,1971.0
2025-07-16,Tablet,Mansoura,732,3,2196,658.8
2025-07-23,Monitor,Cairo,137,3,411,123.3
2025-07-14,Tablet,Alexandria,1177,2,2354,706.1999999999999
2025-09-19,Tablet,Cairo,1362,2,2724,817.1999999999999
2025-05-07,Laptop,Cairo,872,5,4360,1308.0
2025-06-25,Smartphone,Cairo,189,5,945,283.5
2025-06-19,Tablet,Mansoura,818,1,818,245.39999999999998
2025-02-23,Smartphone,Alexandria,1114,1,1114,334.2
2025-09-20,Laptop,Mansoura,613,3,1839,551.6999999999999
2025-01-30,Smartphone,Alexandria,205,3,615,184.5
2025-10-22,Monitor,Alexandria,474,5,2370,711.0
2025-12-14,Smartphone,Cairo,435,2,870,261.0
2025-11-11,Smartphone,Cairo,284,4,1136,340.8
2025-07-08,Tablet,Cairo,1202,4,4808,1442.3999999999999
2025-08-30,Monitor,Cairo,662,2,1324,397.2
2025-01-24,Laptop,Cairo,555,4,2220,666.0
2025-12-06,Tablet,Mansoura,112,3,336,100.8
2025-02-10,Laptop,Cairo,213,4,852,255.6
2025-08-14,Headphones,Alexandria,748,1,748,224.4
2025-01-14,Smartphone,Mansoura,764,1,764,229.2
2025-11-27,Headphones,Mansoura,934,4,3736,1120.8
2025-10-23,Monitor,Cairo,364,3,1092,327.59999999999997
2025-02-18,Laptop,Cairo,1009,1,1009,302.7
2025-11-07,Headphones,Cairo,541,5,2705,811.5
2025-12-09,Tablet,Cairo,1236,3,3708,1112.3999999999999
2025-10-18,Laptop,Alexandria,859,1,859,257.7
2025-03-15,Laptop,Mansoura,1348,2,2696,808.8
2025-09-10,Laptop,Mansoura,299,4,1196,358.8
2025-02-24,Smartphone,Mansoura,642,1,642,192.6
2025-05-14,Laptop,Mansoura,361,1,361,108.3
2025-07-13,Headphones,Alexandria,447,4,1788,536.4
2025-09-29,Smartphone,Alexandria,117,2,234,70.2
2025-03-14,Smartphone,Mansoura,1331,1,1331,399.3
2025-08-19,Headphones,Cairo,1105,2,2210,663.0
2025-06-24,Laptop,Cairo,1088,2,2176,652.8
2025-12-04,Headphones,Cairo,117,1,117,35.1
2025-01-18,Monitor,Mansoura,494,2,988,296.4
2025-08-30,Laptop,Cairo,1154,4,4616,1384.8
2025-07-01,Monitor,Alexandria,495,1,495,148.5
2025-02-11,Smartphone,Mansoura,283,4,1132,339.59999999999997
2025-04-20,Smartphone,Cairo,408,1,408,122.39999999999999
2025-09-30,Headphones,Cairo,1162,3,3486,1045.8
2025-09-23,Headphones,Mansoura,931,4,3724,1117.2
2025-08-24,Tablet,Cairo,591,5,2955,886.5
2025-08-17,Headphones,Alexandria,388,5,1940,582.0
2025-02-25,Tablet,Alexandria,718,1,718,215.4
2025-05-14,Headphones,Cairo,1096,2,2192,657.6
2025-01-01,Tablet,Cairo,1243,1,1243,372.9
2025-04-08,Laptop,Alexandria,1067,1,1067,320.09999999999997
2025-09-12,Smartphone,Mansoura,570,2,1140,342.0
2025-12-23,Tablet,Alexandria,1176,4,4704,1411.2
2025-11-30,Headphones,Mansoura,539,3,1617,485.09999999999997
2025-12-06,Tablet,Cairo,686,5,3430,1029.0
2025-06-03,Tablet,Cairo,335,4,1340,402.0
2025-11-06,Monitor,Cairo,991,3,2973,891.9
2025-10-07,Smartphone,Alexandria,487,3,1461,438.3
2025-11-15,Headphones,Alexandria,115,2,230,69.0
2025-05-25,Smartphone,Mansoura,1471,4,5884,1765.2
2025-05-29,Tablet,Cairo,1212,4,4848,1454.3999999999999
2025-10-01,Tablet,Alexandria,1263,1,1263,378.9
2025-08-09,Laptop,Alexandria,1302,1,1302,390.59999999999997
2025-09-15,Monitor,Alexandria,968,2,1936,580.8
2025-09-23,Laptop,Cairo,1328,5,6640,1992.0
2025-08-05,Monitor,Mansoura,1090,3,3270,981.0
2025-02-19,Headphones,Cairo,552,2,1104,331.2
2025-08-26,Laptop,Alexandria,1014,3,3042,912.6
2025-10-18,Laptop,Mansoura,386,4,1544,463.2
2025-10-22,Tablet,Alexandria,622,3,1866,559.8
2025-03-03,Laptop,Cairo,373,2,746,223.79999999999998
2025-09-24,Monitor,Mansoura,757,1,757,227.1
2025-03-26,Smartphone,Cairo,792,5,3960,1188.0
2025-01-29,Smartphone,Alexandria,1315,2,2630,789.0
2025-03-16,Laptop,Mansoura,1399,2,2798,839.4
2025-08-11,Smartphone,Alexandria,1480,3,4440,1332.0
2025-01-03,Tablet,Cairo,402,1,402,120.6
2025-02-07,Tablet,Mansoura,1040,1,1040,312.0
2025-07-16,Smartphone,Alexandria,1022,3,3066,919.8
2025-08-22,Monitor,Alexandria,741,4,2964,889.1999999999999
2025-03-05,Headphones,Cairo,1274,1,1274,382.2
2025-12-21,Monitor,Cairo,1393,1,1393,417.9
2025-07-17,Smartphone,Cairo,1021,1,1021,306.3
2025-12-18,Monitor,Alexandria,1187,1,1187,356.09999999999997
2025-11-27,Smartphone,Mansoura,1212,4,4848,1454.3999999999999
2025-07-13,Monitor,Alexandria,230,1,230,69.0
2025-11-15,Smartphone,Mansoura,1178,3,3534,1060.2
2025-03-30,Laptop,Mansoura,285,3,855,256.5
2025-10-20,Monitor,Alexandria,195,4,780,234.0
2025-09-08,Headphones,Alexandria,1083,2,2166,649.8
2025-04-08,Tablet,Cairo,1098,5,5490,1647.0
2025-05-10,Monitor,Mansoura,158,3,474,142.2
2025-08-31,Monitor,Cairo,678,4,2712,813.6
2025-04-13,Headphones,Mansoura,1067,4,4268,1280.3999999999999
2025-08-04,Smartphone,Cairo,1362,2,2724,817.1999999999999
2025-06-06,Monitor,Alexandria,1081,4,4324,1297.2
2025-10-31,Headphones,Alexandria,1215,4,4860,1458.0
2025-06-13,Headphones,Alexandria,733,2,1466,439.8
2025-04-15,Tablet,Mansoura,1376,1,1376,412.8
2025-12-05,Smartphone,Cairo,124,5,620,186.0
2025-05-28,Smartphone,Mansoura,1384,4,5536,1660.8
2025-01-26,Smartphone,Cairo,156,4,624,187.2
2025-06-16,Monitor,Mansoura,119,5,595,178.5
2025-07-16,Tablet,Alexandria,314,5,1570,471.0
2025-03-22,Headphones,Mansoura,1246,2,2492,747.6
2025-08-21,Headphones,Alexandria,1497,4,5988,1796.3999999999999
2025-11-22,Headphones,Cairo,328,2,656,196.79999999999998
2025-02-28,Laptop,Cairo,254,1,254,76.2
2025-08-03,Monitor,Cairo,318,2,636,190.79999999999998
2025-11-02,Tablet,Mansoura,252,4,1008,302.4
2026-01-01,Tablet,Cairo,1412,2,2824,847.1999999999999
2025-11-03,Headphones,Alexandria,793,3,2379,713.6999999999999
2025-07-09,Headphones,Mansoura,1125,1,1125,337.5
2025-06-15,Laptop,Mansoura,1016,2,2032,609.6
2025-08-17,Headphones,Alexandria,1469,3,4407,1322.1
2025-12-09,Smartphone,Alexandria,316,3,948,284.4
2025-09-02,Smartphone,Cairo,1194,5,5970,1791.0
2025-10-19,Tablet,Mansoura,140,2,280,84.0
2025-12-22,Smartphone,Mansoura,826,3,2478,743.4
2025-12-31,Headphones,Alexandria,1334,2,2668,800.4
2025-12-30,Monitor,Mansoura,1253,2,2506,751.8
2025-04-27,Smartphone,Alexandria,680,5,3400,1020.0
2025-03-24,Tablet,Cairo,828,3,2484,745.1999999999999
2025-07-29,Monitor,Mansoura,718,2,1436,430.8
2025-03-09,Smartphone,Alexandria,260,5,1300,390.0
2025-11-11,Laptop,Alexandria,529,1,529,158.7
2025-05-24,Laptop,Cairo,651,3,1953,585.9
2025-04-16,Laptop,Cairo,545,3,1635,490.5
2025-12-06,Headphones,Mansoura,527,4,2108,632.4
2025-12-29,Headphones,Cairo,711,1,711,213.29999999999998
2025-03-03,Smartphone,Mansoura,814,4,3256,976.8
2025-12-16,Headphones,Mansoura,372,2,744,223.2
2025-01-27,Headphones,Cairo,851,3,2553,765.9
2025-07-30,Laptop,Cairo,187,5,935,280.5
2025-08-12,Laptop,Mansoura,1397,3,4191,1257.3
2025-09-17,Monitor,Mansoura,1193,2,2386,715.8
2025-11-06,Laptop,Alexandria,261,4,1044,313.2
2025-11-19,Headphones,Cairo,1082,2,2164,649.1999999999999
2025-03-02,Headphones,Alexandria,972,5,4860,1458.0
2025-04-12,Monitor,Cairo,747,5,3735,1120.5
2025-10-24,Monitor,Cairo,898,3,2694,808.1999999999999
2025-03-01,Headphones,Cairo,1073,4,4292,1287.6
2025-09-21,Headphones,Mansoura,1306,5,6530,1959.0
2025-02-20,Monitor,Cairo,606,3,1818,545.4
2025-11-09,Tablet,Cairo,225,4,900,270.0
2025-03-18,Smartphone,Mansoura,458,4,1832,549.6
2025-11-02,Monitor,Alexandria,245,3,735,220.5
2025-07-14,Headphones,Mansoura,627,2,1254,376.2
2025-03-17,Headphones,Mansoura,915,1,915,274.5
2025-02-25,Headphones,Cairo,173,4,692,207.6
2025-04-24,Headphones,Alexandria,519,2,1038,311.4
2025-10-25,Tablet,Cairo,782,3,2346,703.8
2025-11-14,Tablet,Alexandria,1439,4,5756,1726.8
2025-01-27,Tablet,Mansoura,698,3,2094,628.1999999999999
2025-11-03,Smartphone,Alexandria,962,3,2886,865.8
2025-10-10,Headphones,Mansoura,833,4,3332,999.5999999999999
2025-11-16,Monitor,Cairo,1437,1,1437,431.09999999999997
2025-08-01,Smartphone,Alexandria,245,4,980,294.0
2025-10-26,Headphones,Alexandria,793,5,3965,1189.5
2025-08-20,Laptop,Mansoura,178,2,356,106.8
2025-10-30,Monitor,Alexandria,1468,4,5872,1761.6
2025-08-01,Headphones,Alexandria,758,1,758,227.4
2025-03-02,Headphones,Cairo,467,5,2335,700.5
2025-03-23,Headphones,Alexandria,1133,1,1133,339.9
2025-06-02,Laptop,Alexandria,1252,5,6260,1878.0
2025-08-24,Monitor,Cairo,1451,3,4353,1305.8999999999999
2025-11-16,Smartphone,Alexandria,1023,2,2046,613.8
2025-12-23,Laptop,Alexandria,1423,2,2846,853.8
2025-10-02,Tablet,Mansoura,694,5,3470,1041.0
2025-02-19,Laptop,Alexandria,275,5,1375,412.5
2025-12-04,Laptop,Mansoura,1361,2,2722,816.6
2025-02-21,Monitor,Alexandria,679,4,2716,814.8
2025-04-25,Laptop,Mansoura,1403,2,2806,841.8
2025-09-15,Smartphone,Cairo,526,5,2630,789.0
2025-07-21,Laptop,Cairo,509,1,509,152.7
2025-09-26,Tablet,Alexandria,1104,2,2208,662.4
2025-11-13,Monitor,Mansoura,114,5,570,171.0
2025-07-02,Smartphone,Cairo,467,4,1868,560.4
2025-09-29,Tablet,Alexandria,207,1,207,62.099999999999994
2025-02-04,Smartphone,Alexandria,682,1,682,204.6
2025-11-11,Tablet,Cairo,808,5,4040,1212.0
2025-08-27,Smartphone,Cairo,1358,5,6790,2037.0
2025-02-14,Laptop,Mansoura,573,3,1719,515.6999999999999
2025-11-18,Smartphone,Alexandria,740,3,2220,666.0
2025-04-27,Laptop,Alexandria,907,1,907,272.09999999999997
2025-05-03,Smartphone,Mansoura,927,3,2781,834.3
2025-10-01,Headphones,Mansoura,960,1,960,288.0
2025-05-31,Headphones,Mansoura,653,1,653,195.9
2025-11-26,Laptop,Alexandria,1044,4,4176,1252.8
2025-08-26,Tablet,Alexandria,1106,1,1106,331.8
2025-05-28,Monitor,Mansoura,288,1,288,86.39999999999999
2025-02-27,Smartphone,Mansoura,1225,5,6125,1837.5
2025-01-25,Tablet,Alexandria,157,1,157,47.1
2025-08-12,Laptop,Alexandria,284,1,284,85.2
2025-02-22,Smartphone,Alexandria,391,1,391,117.3
2025-03-29,Headphones,Alexandria,1076,3,3228,968.4
2025-03-19,Headphones,Cairo,312,4,1248,374.4
2025-10-29,Tablet,Alexandria,617,5,3085,925.5
2025-08-01,Tablet,Cairo,213,2,426,127.8
2025-10-05,Tablet,Mansoura,1442,1,1442,432.59999999999997
2025-12-21,Smartphone,Cairo,1333,5,6665,1999.5
2025-11-06,Smartphone,Cairo,1407,3,4221,1266.3
2025-05-29,Smartphone,Alexandria,252,5,1260,378.0
2025-04-19,Headphones,Alexandria,385,4,1540,462.0
2025-11-13,Headphones,Cairo,588,2,1176,352.8
2025-04-10,Smartphone,Mansoura,1128,4,4512,1353.6
2025-02-18,Laptop,Alexandria,1072,1,1072,321.59999999999997
2025-02-14,Laptop,Cairo,915,4,3660,1098.0
2025-05-24,Laptop,Alexandria,957,5,4785,1435.5
2025-05-27,Smartphone,Cairo,376,1,376,112.8
2025-06-05,Tablet,Cairo,1121,1,1121,336.3
2025-10-27,Headphones,Alexandria,969,3,2907,872.1
2025-12-05,Laptop,Cairo,906,1,906,271.8
2025-04-20,Smartphone,Alexandria,1490,3,4470,1341.0
2025-01-14,Smartphone,Cairo,140,5,700,210.0
2025-11-02,Headphones,Alexandria,1028,1,1028,308.4
2025-07-06,Monitor,Cairo,321,2,642,192.6
2025-05-18,Laptop,Cairo,1407,5,7035,2110.5
2025-05-10,Headphones,Cairo,1105,1,1105,331.5
2025-06-05,Headphones,Cairo,561,5,2805,841.5
2025-05-30,Laptop,Cairo,628,2,1256,376.8
2025-08-24,Laptop,Alexandria,1172,2,2344,703.1999999999999
2025-12-07,Laptop,Cairo,1419,2,2838,851.4
2025-12-05,Monitor,Alexandria,652,5,3260,978.0
2025-03-21,Laptop,Cairo,338,3,1014,304.2
2025-10-01,Tablet,Mansoura,284,1,284,85.2
2025-08-06,Smartphone,Mansoura,1121,1,1121,336.3
2025-05-07,Headphones,Mansoura,1130,5,5650,1695.0
2025-09-14,Laptop,Alexandria,1421,1,1421,426.3
2025-10-14,Smartphone,Mansoura,1274,1,1274,382.2
2025-05-09,Smartphone,Alexandria,715,1,715,214.5
2025-06-17,Headphones,Cairo,141,3,423,126.89999999999999
2025-08-03,Laptop,Mansoura,127,3,381,114.3
2025-05-02,Smartphone,Mansoura,1153,1,1153,345.9
2025-02-24,Monitor,Alexandria,1120,1,1120,336.0
2025-03-28,Headphones,Mansoura,972,3,2916,874.8
2025-02-14,Headphones,Mansoura,592,2,1184,355.2
2025-04-30,Monitor,Cairo,1306,5,6530,1959.0
2025-11-17,Tablet,Alexandria,118,3,354,106.2
2025-06-07,Monitor,Cairo,1088,4,4352,1305.6
2025-01-05,Monitor,Cairo,358,1,358,107.39999999999999
2025-12-24,Smartphone,Alexandria,417,3,1251,375.3
2025-11-06,Laptop,Alexandria,886,3,2658,797.4
2025-02-21,Monitor,Mansoura,1195,4,4780,1434.0
2025-03-22,Laptop,Alexandria,1077,2,2154,646.1999999999999
2025-01-15,Laptop,Cairo,844,4,3376,1012.8
2025-08-29,Headphones,Alexandria,324,2,648,194.4
2025-09-02,Laptop,Cairo,611,5,3055,916.5
2025-05-12,Monitor,Cairo,744,3,2232,669.6
2025-06-09,Headphones,Cairo,379,5,1895,568.5
2025-09-26,Laptop,Mansoura,1071,3,3213,963.9
2025-11-23,Headphones,Mansoura,1378,1,1378,413.4
2025-02-18,Monitor,Cairo,726,4,2904,871.1999999999999
2025-08-13,Laptop,Cairo,1005,5,5025,1507.5
2025-07-21,Tablet,Mansoura,162,4,648,194.4
2025-11-09,Monitor,Alexandria,1365,3,4095,1228.5
2025-09-16,Headphones,Cairo,1150,5,5750,1725.0
2025-02-12,Smartphone,Alexandria,368,4,1472,441.59999999999997
2025-08-31,Tablet,Mansoura,1266,2,2532,759.6
2025-12-01,Monitor,Mansoura,1337,3,4011,1203.3
2025-11-10,Tablet,Alexandria,277,2,554,166.2
2025-06-08,Headphones,Cairo,895,2,1790,537.0
2025-11-30,Tablet,Mansoura,1095,1,1095,328.5
2025-11-14,Tablet,Alexandria,286,2,572,171.6
2025-06-03,Smartphone,Alexandria,109,2,218,65.39999999999999
2025-11-09,Headphones,Alexandria,1108,3,3324,997.1999999999999
2025-12-27,Smartphone,Cairo,892,1,892,267.59999999999997
2025-01-16,Monitor,Mansoura,508,3,1524,457.2
2025-11-05,Headphones,Alexandria,887,3,2661,798.3
2025-12-09,Smartphone,Alexandria,743,2,1486,445.8
2025-04-01,Monitor,Alexandria,148,2,296,88.8
2025-09-03,Headphones,Mansoura,1085,4,4340,1302.0
2025-11-11,Laptop,Cairo,332,5,1660,498.0
2025-02-11,Tablet,Cairo,1475,1,1475,442.5
2025-07-01,Tablet,Cairo,864,4,3456,1036.8
2025-10-06,Laptop,Mansoura,1366,4,5464,1639.2
2025-05-26,Laptop,Cairo,176,4,704,211.2
2025-08-21,Laptop,Alexandria,1382,1,1382,414.59999999999997
2025-01-16,Tablet,Cairo,891,3,2673,801.9
2025-08-24,Monitor,Mansoura,785,1,785,235.5
2025-11-20,Laptop,Mansoura,981,2,1962,588.6
2025-03-08,Monitor,Cairo,550,4,2200,660.0
2025-09-07,Headphones,Cairo,388,1,388,116.39999999999999
2025-05-05,Tablet,Mansoura,779,4,3116,934.8
2025-04-04,Monitor,Alexandria,555,5,2775,832.5
2025-12-01,Laptop,Alexandria,1425,3,4275,1282.5
2025-06-27,Headphones,Alexandria,802,5,4010,1203.0
2025-05-13,Monitor,Cairo,933,3,2799,839.6999999999999
2025-04-12,Smartphone,Alexandria,988,3,2964,889.1999999999999
2025-06-08,Tablet,Alexandria,237,5,1185,355.5
2025-04-25,Tablet,Mansoura,1394,5,6970,2091.0
2025-06-13,Monitor,Mansoura,633,2,1266,379.8
2025-09-03,Monitor,Mansoura,1276,3,3828,1148.3999999999999
2025-08-09,Tablet,Cairo,1366,5,6830,2049.0
2025-08-23,Laptop,Mansoura,549,4,2196,658.8
2025-10-18,Headphones,Alexandria,990,1,990,297.0
2025-02-04,Laptop,Alexandria,1439,1,1439,431.7
2025-06-21,Laptop,Alexandria,1173,5,5865,1759.5
2025-08-23,Monitor,Mansoura,1460,1,1460,438.0
2025-02-08,Tablet,Cairo,204,5,1020,306.0
2025-01-21,Headphones,Alexandria,1054,2,2108,632.4
2025-07-14,Tablet,Alexandria,1452,5,7260,2178.0
2025-03-14,Smartphone,Cairo,232,3,696,208.79999999999998
2025-10-16,Monitor,Cairo,1211,4,4844,1453.2
2025-03-29,Headphones,Cairo,128,4,512,153.6
2025-01-10,Monitor,Cairo,250,4,1000,300.0
2025-08-18,Tablet,Cairo,1459,4,5836,1750.8
2025-10-15,Laptop,Alexandria,752,3,2256,676.8
2025-06-12,Tablet,Cairo,1350,3,4050,1215.0
2025-03-12,Smartphone,Mansoura,718,3,2154,646.1999999999999
2025-07-29,Tablet,Mansoura,1489,1,1489,446.7
2025-12-13,Smartphone,Mansoura,1345,1,1345,403.5
2025-09-13,Laptop,Mansoura,239,2,478,143.4
2025-04-12,Headphones,Alexandria,939,5,4695,1408.5
2025-10-29,Headphones,Mansoura,834,3,2502,750.6
2025-04-05,Laptop,Cairo,874,5,4370,1311.0
2025-03-12,Laptop,Alexandria,347,4,1388,416.4
2025-06-03,Monitor,Cairo,186,4,744,223.2
2025-09-15,Smartphone,Alexandria,1117,2,2234,670.1999999999999
2025-12-26,Headphones,Cairo,471,2,942,282.59999999999997
2025-06-10,Tablet,Mansoura,1235,4,4940,1482.0
2025-07-12,Headphones,Cairo,803,2,1606,481.79999999999995
2025-03-13,Tablet,Alexandria,1412,1,1412,423.59999999999997
2025-05-30,Smartphone,Mansoura,414,5,2070,621.0
2025-11-27,Tablet,Cairo,1219,1,1219,365.7
2025-03-24,Tablet,Cairo,1147,1,1147,344.09999999999997
2025-03-14,Smartphone,Cairo,843,5,4215,1264.5
2025-02-21,Headphones,Mansoura,1231,2,2462,738.6
2025-03-23,Smartphone,Mansoura,891,1,891,267.3
2025-02-17,Smartphone,Cairo,1265,2,2530,759.0
2025-09-08,Laptop,Mansoura,824,4,3296,988.8
2025-10-24,Monitor,Cairo,773,4,3092,927.5999999999999
2025-10-08,Laptop,Alexandria,131,4,524,157.2
2025-04-30,Headphones,Mansoura,876,1,876,262.8
2025-06-16,Smartphone,Alexandria,140,1,140,42.0
2025-03-12,Monitor,Alexandria,131,1,131,39.3
2025-03-15,Tablet,Alexandria,226,5,1130,339.0
2025-02-07,Monitor,Mansoura,1011,4,4044,1213.2
2025-04-28,Headphones,Cairo,863,2,1726,517.8
2025-10-10,Monitor,Mansoura,479,5,2395,718.5
2026-01-01,Laptop,Alexandria,698,3,2094,628.1999999999999
2025-10-25,Smartphone,Cairo,1208,3,3624,1087.2
2025-03-06,Laptop,Alexandria,654,2,1308,392.4
2025-12-25,Laptop,Cairo,763,1,763,228.9
2025-11-04,Monitor,Cairo,1055,4,4220,1266.0
2025-01-10,Monitor,Cairo,421,2,842,252.6
2025-05-13,Headphones,Mansoura,419,3,1257,377.09999999999997
2025-04-23,Laptop,Mansoura,1076,2,2152,645.6
2025-09-22,Monitor,Alexandria,1200,5,6000,1800.0
2025-02-13,Monitor,Alexandria,1433,5,7165,2149.5
2025-03-14,Monitor,Cairo,1308,5,6540,1962.0
2025-01-12,Headphones,Mansoura,1389,4,5556,1666.8
2025-03-12,Monitor,Cairo,551,5,2755,826.5
2025-01-10,Headphones,Cairo,1398,3,4194,1258.2
2025-04-04,Laptop,Alexandria,967,2,1934,580.1999999999999
2025-09-28,Tablet,Alexandria,508,3,1524,457.2
2025-08-10,Smartphone,Mansoura,1024,1,1024,307.2
2025-01-09,Laptop,Cairo,670,4,2680,804.0
2025-01-14,Laptop,Alexandria,977,1,977,293.09999999999997
2025-08-16,Headphones,Cairo,593,4,2372,711.6
2025-06-25,Tablet,Cairo,1118,2,2236,670.8
2025-01-31,Monitor,Cairo,940,1,940,282.0
2025-06-11,Monitor,Alexandria,1255,1,1255,376.5
2025-11-02,Headphones,Alexandria,717,4,2868,860.4
2025-03-07,Headphones,Alexandria,195,5,975,292.5
2025-04-30,Monitor,Alexandria,185,5,925,277.5
2025-08-26,Monitor,Mansoura,916,4,3664,1099.2
2025-07-01,Headphones,Cairo,355,2,710,213.0
2025-09-16,Tablet,Alexandria,1103,5,5515,1654.5
2025-10-05,Tablet,Mansoura,1437,2,2874,862.1999999999999
2025-05-10,Headphones,Alexandria,596,3,1788,536.4
2025-05-05,Tablet,Cairo,947,3,2841,852.3
2025-10-09,Monitor,Cairo,235,3,705,211.5
2025-12-13,Headphones,Mansoura,497,5,2485,745.5
2025-07-08,Tablet,Cairo,301,1,301,90.3
2025-07-20,Monitor,Mansoura,227,5,1135,340.5
2025-09-16,Laptop,Alexandria,1278,5,6390,1917.0
2025-02-09,Smartphone,Alexandria,576,4,2304,691.1999999999999
2025-05-14,Tablet,Mansoura,860,5,4300,1290.0
2025-08-19,Smartphone,Alexandria,346,1,346,103.8
2025-06-22,Monitor,Mansoura,133,4,532,159.6
2025-01-19,Headphones,Cairo,502,4,2008,602.4
2025-08-26,Smartphone,Alexandria,1456,1,1456,436.8
2025-08-21,Laptop,Cairo,408,3,1224,367.2
2025-09-07,Monitor,Cairo,153,3,459,137.7
2025-06-02,Smartphone,Cairo,946,4,3784,1135.2
2025-05-01,Laptop,Cairo,467,3,1401,420.3
2025-12-31,Tablet,Cairo,417,1,417,125.1
2025-09-15,Tablet,Cairo,1149,1,1149,344.7
2025-09-17,Headphones,Cairo,1003,4,4012,1203.6
2025-11-18,Headphones,Mansoura,245,1,245,73.5
2025-02-02,Headphones,Cairo,298,2,596,178.79999999999998
2025-02-20,Smartphone,Mansoura,470,3,1410,423.0
2025-04-04,Tablet,Mansoura,1208,1,1208,362.4
2025-04-15,Monitor,Cairo,400,5,2000,600.0
2025-09-03,Headphones,Mansoura,1475,1,1475,442.5
2025-11-23,Headphones,Alexandria,317,4,1268,380.4
2025-10-19,Headphones,Alexandria,1464,4,5856,1756.8
2025-12-09,Monitor,Cairo,182,3,546,163.79999999999998
2025-10-24,Monitor,Alexandria,665,5,3325,997.5
2025-05-07,Headphones,Cairo,738,4,2952,885.6
2025-02-21,Laptop,Mansoura,271,3,813,243.89999999999998
2025-07-29,Tablet,Alexandria,980,4,3920,1176.0
2025-08-14,Smartphone,Mansoura,1339,5,6695,2008.5
2025-12-27,Smartphone,Mansoura,602,1,602,180.6
2025-01-13,Laptop,Alexandria,694,4,2776,832.8
2025-07-13,Headphones,Cairo,209,5,1045,313.5
2025-05-02,Headphones,Mansoura,375,2,750,225.0
2025-04-15,Tablet,Alexandria,219,1,219,65.7
2025-05-05,Laptop,Alexandria,1016,2,2032,609.6
2025-10-15,Tablet,Mansoura,1149,3,3447,1034.1
2025-08-11,Headphones,Cairo,190,5,950,285.0
2025-02-03,Monitor,Cairo,684,2,1368,410.4
2025-02-15,Tablet,Mansoura,1265,4,5060,1518.0
2025-01-27,Headphones,Alexandria,1344,4,5376,1612.8
2025-09-15,Monitor,Mansoura,727,3,2181,654.3
2025-10-07,Headphones,Alexandria,602,5,3010,903.0
2025-10-04,Tablet,Mansoura,532,5,2660,798.0
2025-03-27,Smartphone,Alexandria,583,2,1166,349.8
2025-05-08,Headphones,Cairo,1099,1,1099,329.7
2025-10-03,Smartphone,Cairo,458,3,1374,412.2
2025-02-19,Laptop,Mansoura,1202,3,3606,1081.8
2025-09-17,Headphones,Cairo,471,2,942,282.59999999999997
2025-09-25,Smartphone,Alexandria,1132,4,4528,1358.3999999999999
2025-04-23,Headphones,Mansoura,1330,1,1330,399.0
2025-05-05,Smartphone,Alexandria,363,2,726,217.79999999999998
2025-02-08,Smartphone,Mansoura,362,1,362,108.6
2025-10-03,Smartphone,Cairo,971,2,1942,582.6
2025-03-13,Headphones,Cairo,340,1,340,102.0
2025-12-28,Tablet,Alexandria,122,2,244,73.2
2025-10-04,Headphones,Cairo,338,2,676,202.79999999999998
2025-09-10,Headphones,Cairo,990,5,4950,1485.0
2025-11-19,Laptop,Mansoura,1304,1,1304,391.2
2025-11-28,Headphones,Cairo,184,5,920,276.0
2025-09-29,Smartphone,Mansoura,1031,1,1031,309.3
2025-07-05,Smartphone,Mansoura,378,4,1512,453.59999999999997
2025-10-08,Smartphone,Alexandria,1490,5,7450,2235.0
2025-12-19,Headphones,Cairo,737,2,1474,442.2
2025-10-17,Monitor,Alexandria,1317,2,2634,790.1999999999999
2025-10-20,Monitor,Cairo,811,1,811,243.29999999999998
2025-06-14,Smartphone,Mansoura,679,4,2716,814.8
2025-06-06,Headphones,Cairo,826,5,4130,1239.0
2025-01-03,Tablet,Cairo,180,4,720,216.0
2025-11-26,Laptop,Cairo,772,5,3860,1158.0
2025-06-08,Laptop,Mansoura,582,3,1746,523.8
2025-01-16,Headphones,Alexandria,444,4,1776,532.8
2025-02-24,Laptop,Mansoura,1004,1,1004,301.2
2025-06-10,Laptop,Mansoura,1241,4,4964,1489.2
2025-09-06,Tablet,Mansoura,167,1,167,50.1
2025-12-25,Laptop,Alexandria,560,4,2240,672.0
2025-03-24,Smartphone,Mansoura,681,1,681,204.29999999999998
2025-06-11,Monitor,Mansoura,1099,3,3297,989.0999999999999
2025-07-01,Tablet,Mansoura,157,1,157,47.1
2025-05-15,Smartphone,Alexandria,1259,4,5036,1510.8
2025-01-13,Laptop,Alexandria,1177,4,4708,1412.3999999999999
2025-12-12,Smartphone,Cairo,1199,3,3597,1079.1
2025-07-13,Tablet,Mansoura,1271,4,5084,1525.2
2025-02-28,Smartphone,Mansoura,770,1,770,231.0
2025-09-01,Tablet,Alexandria,492,1,492,147.6
2025-10-23,Smartphone,Mansoura,248,5,1240,372.0
2025-04-02,Tablet,Mansoura,756,1,756,226.79999999999998
2025-10-24,Monitor,Cairo,224,5,1120,336.0
2025-10-10,Headphones,Alexandria,1185,4,4740,1422.0
2025-06-19,Monitor,Alexandria,860,1,860,258.0
2025-03-01,Smartphone,Alexandria,424,5,2120,636.0
2025-04-22,Monitor,Mansoura,630,3,1890,567.0
2025-08-20,Headphones,Alexandria,1399,4,5596,1678.8
2025-09-03,Tablet,Mansoura,1375,2,2750,825.0
2025-12-19,Laptop,Cairo,887,3,2661,798.3
2025-08-03,Headphones,Alexandria,1439,3,4317,1295.1
2025-12-21,Headphones,Cairo,1120,5,5600,1680.0
2025-01-01,Laptop,Mansoura,1328,4,5312,1593.6
2025-02-28,Laptop,Cairo,675,4,2700,810.0
2025-02-20,Headphones,Cairo,106,2,212,63.599999999999994
2025-08-03,Laptop,Mansoura,499,2,998,299.4
2025-12-07,Headphones,Cairo,449,4,1796,538.8
2025-07-26,Smartphone,Mansoura,313,5,1565,469.5
2025-03-06,Tablet,Alexandria,185,1,185,55.5
2025-09-11,Laptop,Mansoura,841,3,2523,756.9
2025-11-16,Tablet,Alexandria,782,3,2346,703.8
2025-04-23,Tablet,Cairo,918,2,1836,550.8
2025-11-07,Tablet,Alexandria,165,3,495,148.5
2025-06-27,Tablet,Cairo,397,2,794,238.2
2025-11-29,Smartphone,Mansoura,188,5,940,282.0
2025-01-20,Laptop,Cairo,1202,1,1202,360.59999999999997
2025-11-13,Laptop,Mansoura,301,3,903,270.9
2025-03-06,Laptop,Alexandria,371,5,1855,556.5
2025-01-14,Laptop,Mansoura,654,5,3270,981.0
2025-11-02,Headphones,Alexandria,465,2,930,279.0
2025-01-19,Tablet,Alexandria,657,4,2628,788.4
2025-06-28,Laptop,Cairo,424,5,2120,636.0
2025-04-17,Monitor,Mansoura,526,3,1578,473.4
2025-11-09,Laptop,Alexandria,1467,4,5868,1760.3999999999999
2025-07-04,Smartphone,Cairo,182,4,728,218.4
2025-09-04,Smartphone,Cairo,781,1,781,234.29999999999998
2025-01-07,Smartphone,Alexandria,1166,3,3498,1049.3999999999999
2025-01-26,Headphones,Alexandria,985,5,4925,1477.5
2025-10-29,Smartphone,Mansoura,841,1,841,252.29999999999998
2025-03-09,Tablet,Alexandria,953,4,3812,1143.6
2025-07-02,Headphones,Alexandria,329,3,987,296.09999999999997
2025-11-24,Monitor,Mansoura,685,1,685,205.5
2025-05-17,Smartphone,Cairo,269,1,269,80.7
2025-03-16,Headphones,Mansoura,210,4,840,252.0
2025-01-18,Headphones,Alexandria,529,1,529,158.7
2025-07-23,Laptop,Mansoura,629,4,2516,754.8
2025-01-18,Laptop,Mansoura,524,2,1048,314.4
2025-02-13,Monitor,Cairo,364,4,1456,436.8
2025-05-22,Monitor,Alexandria,1354,2,2708,812.4
2025-12-26,Headphones,Mansoura,1059,3,3177,953.0999999999999
2025-07-01,Smartphone,Cairo,516,2,1032,309.59999999999997
2025-09-24,Smartphone,Mansoura,780,1,780,234.0
2025-06-25,Tablet,Mansoura,1404,1,1404,421.2
2025-08-08,Headphones,Alexandria,679,1,679,203.7
2025-09-26,Smartphone,Mansoura,453,5,2265,679.5
2025-11-20,Laptop,Cairo,203,2,406,121.8
2025-04-06,Headphones,Alexandria,1359,4,5436,1630.8
2025-10-06,Headphones,Cairo,1496,3,4488,1346.3999999999999
2025-01-05,Headphones,Alexandria,248,2,496,148.79999999999998
2025-03-09,Laptop,Alexandria,1412,1,1412,423.59999999999997
2025-06-25,Headphones,Cairo,405,1,405,121.5
2025-03-07,Laptop,Alexandria,566,5,2830,849.0
2025-09-29,Smartphone,Mansoura,207,1,207,62.099999999999994
2025-10-29,Smartphone,Mansoura,1071,1,1071,321.3
2025-11-27,Tablet,Cairo,658,3,1974,592.1999999999999
2025-06-20,Tablet,Mansoura,735,1,735,220.5
2025-11-23,Laptop,Cairo,178,5,890,267.0
2025-01-10,Laptop,Cairo,1021,2,2042,612.6
2025-09-13,Laptop,Mansoura,147,3,441,132.29999999999998
2025-07-01,Headphones,Mansoura,777,2,1554,466.2
2025-03-18,Laptop,Cairo,1237,3,3711,1113.3
2025-07-09,Laptop,Mansoura,1133,4,4532,1359.6
2025-01-18,Tablet,Cairo,1116,4,4464,1339.2
2025-11-30,Laptop,Cairo,692,1,692,207.6
2025-10-18,Monitor,Cairo,818,1,818,245.39999999999998
2025-08-05,Monitor,Cairo,1073,3,3219,965.6999999999999
2025-02-25,Laptop,Cairo,321,3,963,288.9
2025-11-19,Tablet,Cairo,660,2,1320,396.0
2025-09-06,Headphones,Mansoura,1332,1,1332,399.59999999999997
2025-06-13,Smartphone,Cairo,211,5,1055,316.5
2025-07-04,Laptop,Mansoura,969,4,3876,1162.8
2025-06-06,Headphones,Alexandria,713,3,2139,641.6999999999999
2025-06-04,Monitor,Alexandria,727,1,727,218.1
2025-05-04,Tablet,Alexandria,1180,5,5900,1770.0
2025-04-16,Smartphone,Alexandria,621,3,1863,558.9
2025-04-10,Smartphone,Mansoura,357,2,714,214.2
2025-03-01,Smartphone,Alexandria,1041,1,1041,312.3
2025-04-13,Monitor,Alexandria,1288,1,1288,386.4
2025-10-10,Monitor,Alexandria,500,4,2000,600.0
2025-02-17,Tablet,Alexandria,124,5,620,186.0
2025-09-19,Tablet,Mansoura,1257,4,5028,1508.3999999999999
2025-12-07,Monitor,Cairo,295,5,1475,442.5
2025-09-30,Headphones,Cairo,736,2,1472,441.59999999999997
2025-03-16,Tablet,Alexandria,303,5,1515,454.5
2025-01-24,Tablet,Alexandria,153,2,306,91.8
2025-02-19,Headphones,Alexandria,1152,4,4608,1382.3999999999999
2025-05-29,Laptop,Alexandria,1255,1,1255,376.5
2025-05-28,Monitor,Alexandria,466,4,1864,559.1999999999999
2025-09-24,Monitor,Mansoura,225,1,225,67.5
2025-03-11,Smartphone,Alexandria,1459,5,7295,2188.5
2025-01-31,Tablet,Alexandria,1002,2,2004,601.1999999999999
2025-03-12,Laptop,Alexandria,802,4,3208,962.4
2025-03-31,Tablet,Cairo,1381,1,1381,414.3
2025-09-24,Monitor,Alexandria,735,3,2205,661.5
2025-02-14,Smartphone,Alexandria,1196,2,2392,717.6
2025-07-25,Tablet,Cairo,944,1,944,283.2
2025-10-05,Smartphone,Alexandria,1282,3,3846,1153.8
2025-01-15,Headphones,Alexandria,1329,3,3987,1196.1
2025-09-03,Tablet,Mansoura,253,3,759,227.7
2025-11-05,Headphones,Mansoura,769,5,3845,1153.5
2025-03-22,Headphones,Cairo,100,3,300,90.0
2025-09-14,Laptop,Cairo,460,4,1840,552.0
2025-02-05,Headphones,Mansoura,859,2,1718,515.4
2025-11-13,Smartphone,Cairo,229,5,1145,343.5
2025-02-12,Monitor,Alexandria,1419,2,2838,851.4
2025-09-27,Smartphone,Cairo,934,4,3736,1120.8
2025-09-23,Tablet,Cairo,708,2,1416,424.8
2025-04-01,Monitor,Alexandria,733,5,3665,1099.5
2025-11-03,Tablet,Mansoura,1049,1,1049,314.7
2025-02-06,Smartphone,Cairo,1180,3,3540,1062.0
2025-12-04,Smartphone,Mansoura,1143,2,2286,685.8
2025-05-01,Headphones,Alexandria,471,4,1884,565.1999999999999
2025-12-31,Monitor,Cairo,324,4,1296,388.8
2025-05-16,Tablet,Mansoura,572,5,2860,858.0
2025-06-04,Smartphone,Cairo,1346,3,4038,1211.3999999999999
2025-11-28,Monitor,Cairo,485,5,2425,727.5
2025-11-27,Monitor,Cairo,1381,4,5524,1657.2
2025-10-16,Smartphone,Mansoura,1020,2,2040,612.0
2025-03-06,Monitor,Cairo,281,5,1405,421.5
2025-01-29,Headphones,Cairo,1395,3,4185,1255.5
2025-06-21,Smartphone,Alexandria,1078,5,5390,1617.0
2025-02-26,Headphones,Alexandria,209,2,418,125.39999999999999
2025-07-12,Laptop,Alexandria,1481,5,7405,2221.5
2025-06-26,Smartphone,Mansoura,387,1,387,116.1
2025-02-08,Headphones,Mansoura,535,3,1605,481.5
2025-09-26,Headphones,Mansoura,1422,2,2844,853.1999999999999
2025-06-17,Monitor,Mansoura,1444,4,5776,1732.8
2025-03-18,Smartphone,Mansoura,935,4,3740,1122.0
2025-06-10,Laptop,Alexandria,833,3,2499,749.6999999999999
2025-04-21,Smartphone,Mansoura,694,1,694,208.2
2025-04-21,Tablet,Mansoura,187,5,935,280.5
2025-03-20,Smartphone,Mansoura,179,3,537,161.1
2025-01-27,Tablet,Mansoura,1248,1,1248,374.4
2025-09-25,Smartphone,Alexandria,261,5,1305,391.5
2025-07-19,Headphones,Alexandria,1220,2,2440,732.0
2025-06-13,Smartphone,Alexandria,237,3,711,213.29999999999998
2025-12-20,Headphones,Alexandria,861,2,1722,516.6
2025-05-11,Headphones,Mansoura,742,3,2226,667.8
2025-08-19,Tablet,Alexandria,1404,3,4212,1263.6
2025-06-24,Laptop,Alexandria,837,1,837,251.1
2025-10-26,Laptop,Alexandria,498,5,2490,747.0
2025-10-13,Laptop,Cairo,208,3,624,187.2
2025-04-05,Monitor,Mansoura,750,2,1500,450.0
2025-08-29,Smartphone,Mansoura,263,1,263,78.89999999999999
2025-03-17,Monitor,Cairo,893,1,893,267.9
2025-01-06,Smartphone,Cairo,1141,1,1141,342.3
2025-07-14,Monitor,Cairo,183,1,183,54.9
2025-07-06,Smartphone,Cairo,273,4,1092,327.59999999999997
2025-10-03,Tablet,Mansoura,1483,2,2966,889.8
2025-04-18,Headphones,Mansoura,1387,2,2774,832.1999999999999
2025-03-04,Headphones,Mansoura,287,3,861,258.3
2025-10-19,Headphones,Cairo,1259,2,2518,755.4
2025-09-07,Laptop,Mansoura,340,4,1360,408.0
2025-08-12,Tablet,Cairo,1454,3,4362,1308.6
2025-10-12,Laptop,Cairo,510,5,2550,765.0
2025-12-11,Laptop,Alexandria,1007,1,1007,302.09999999999997
2025-01-06,Smartphone,Mansoura,704,1,704,211.2
2025-10-26,Laptop,Mansoura,870,4,3480,1044.0
2025-01-02,Tablet,Mansoura,1216,2,2432,729.6
2025-05-25,Smartphone,Alexandria,650,5,3250,975.0
2025-04-17,Tablet,Mansoura,873,5,4365,1309.5
2025-01-17,Laptop,Cairo,693,1,693,207.9
2025-06-19,Smartphone,Cairo,800,4,3200,960.0
2025-10-25,Monitor,Cairo,652,4,2608,782.4
2025-02-27,Monitor,Alexandria,368,3,1104,331.2
2025-10-15,Tablet,Mansoura,1033,3,3099,929.6999999999999
2025-04-12,Monitor,Cairo,1500,5,7500,2250.0
2025-12-10,Monitor,Cairo,1218,5,6090,1827.0
2025-11-10,Smartphone,Cairo,1490,5,7450,2235.0
2025-02-03,Smartphone,Mansoura,989,1,989,296.7
2025-03-17,Tablet,Cairo,1373,5,6865,2059.5
2025-05-05,Headphones,Mansoura,1305,4,5220,1566.0
2025-06-03,Monitor,Alexandria,845,5,4225,1267.5
2025-11-20,Monitor,Cairo,1210,1,1210,363.0
2025-01-21,Headphones,Cairo,845,4,3380,1014.0
2025-05-19,Laptop,Cairo,1254,1,1254,376.2
2025-05-18,Smartphone,Alexandria,948,1,948,284.4
2025-01-03,Laptop,Cairo,147,2,294,88.2
2025-06-20,Headphones,Mansoura,1271,1,1271,381.3
2025-07-21,Headphones,Mansoura,150,2,300,90.0
2025-10-27,Laptop,Mansoura,746,2,1492,447.59999999999997
2025-06-30,Headphones,Cairo,730,5,3650,1095.0
2025-04-11,Headphones,Mansoura,1035,5,5175,1552.5
2025-10-16,Headphones,Cairo,1250,5,6250,1875.0
2025-01-13,Monitor,Cairo,146,1,146,43.8
2025-05-17,Smartphone,Alexandria,166,5,830,249.0
2025-02-07,Headphones,Alexandria,505,1,505,151.5
2025-03-03,Laptop,Alexandria,804,4,3216,964.8
2025-03-12,Laptop,Cairo,851,5,4255,1276.5
2025-04-19,Tablet,Mansoura,115,5,575,172.5
2025-03-27,Smartphone,Alexandria,1182,1,1182,354.59999999999997
2025-04-18,Headphones,Cairo,370,1,370,111.0
2025-08-17,Laptop,Mansoura,540,5,2700,810.0
2025-01-11,Monitor,Mansoura,696,3,2088,626.4
2025-03-12,Headphones,Alexandria,1000,2,2000,600.0
2025-06-08,Headphones,Alexandria,483,4,1932,579.6
2025-10-26,Smartphone,Alexandria,1066,3,3198,959.4
2025-01-01,Headphones,Alexandria,414,1,414,124.19999999999999
2025-06-23,Monitor,Cairo,649,2,1298,389.4
2025-12-01,Smartphone,Alexandria,1491,5,7455,2236.5
2025-07-23,Tablet,Cairo,270,4,1080,324.0
2025-02-27,Laptop,Mansoura,198,3,594,178.2
2025-11-15,Tablet,Alexandria,1205,5,6025,1807.5
2025-04-27,Headphones,Mansoura,421,1,421,126.3
2025-02-09,Tablet,Cairo,1210,4,4840,1452.0
2025-12-26,Smartphone,Mansoura,775,3,2325,697.5
2025-04-10,Monitor,Mansoura,1310,1,1310,393.0
2025-08-02,Headphones,Alexandria,738,5,3690,1107.0
2025-03-25,Monitor,Alexandria,1445,5,7225,2167.5
2025-11-03,Tablet,Cairo,1105,4,4420,1326.0
2025-05-14,Monitor,Mansoura,312,3,936,280.8
2025-04-21,Headphones,Alexandria,989,1,989,296.7
2025-09-19,Laptop,Cairo,1497,3,4491,1347.3
2025-06-01,Monitor,Alexandria,634,4,2536,760.8
2025-06-13,Monitor,Mansoura,1103,1,1103,330.9
2025-02-28,Laptop,Mansoura,942,3,2826,847.8
2025-01-26,Monitor,Alexandria,1245,4,4980,1494.0
2025-09-09,Headphones,Mansoura,1036,1,1036,310.8
2025-11-06,Monitor,Mansoura,1150,4,4600,1380.0
2025-06-01,Smartphone,Mansoura,205,2,410,123.0
2025-08-06,Smartphone,Cairo,365,5,1825,547.5
2025-09-01,Laptop,Alexandria,1270,2,2540,762.0
2025-09-24,Headphones,Cairo,107,1,107,32.1
2025-03-05,Monitor,Cairo,1195,5,5975,1792.5
2025-01-28,Smartphone,Alexandria,268,5,1340,402.0
2025-03-20,Headphones,Alexandria,955,5,4775,1432.5
2025-05-07,Monitor,Cairo,340,3,1020,306.0
2025-05-04,Headphones,Cairo,1495,2,2990,897.0
2025-06-05,Headphones,Alexandria,1286,1,1286,385.8
2025-08-06,Smartphone,Alexandria,393,1,393,117.89999999999999
2025-07-22,Headphones,Mansoura,355,5,1775,532.5
2025-02-14,Smartphone,Cairo,1377,1,1377,413.09999999999997
2025-04-07,Laptop,Alexandria,126,3,378,113.39999999999999
2025-09-01,Monitor,Cairo,892,3,2676,802.8
2025-11-26,Smartphone,Mansoura,708,2,1416,424.8
2025-05-05,Headphones,Alexandria,1229,5,6145,1843.5
2025-01-17,Smartphone,Mansoura,534,4,2136,640.8
2025-04-26,Smartphone,Alexandria,455,1,455,136.5
2025-12-22,Laptop,Alexandria,876,5,4380,1314.0
2025-07-10,Smartphone,Mansoura,910,5,4550,1365.0
2025-09-13,Smartphone,Cairo,706,1,706,211.79999999999998
2025-08-21,Headphones,Cairo,1233,3,3699,1109.7
2025-07-08,Headphones,Mansoura,575,3,1725,517.5
2025-09-14,Monitor,Mansoura,496,1,496,148.79999999999998
2025-10-31,Smartphone,Mansoura,542,5,2710,813.0
2025-08-19,Headphones,Cairo,1218,5,6090,1827.0
2025-03-14,Laptop,Cairo,779,5,3895,1168.5
2025-09-30,Tablet,Alexandria,509,1,509,152.7
2025-05-26,Smartphone,Mansoura,110,3,330,99.0
2025-01-28,Tablet,Alexandria,1169,5,5845,1753.5
2025-10-12,Smartphone,Alexandria,1001,2,2002,600.6
2025-06-19,Tablet,Alexandria,1047,5,5235,1570.5
2025-01-01,Headphones,Mansoura,1444,1,1444,433.2
2025-03-21,Headphones,Cairo,715,2,1430,429.0
2025-01-03,Monitor,Cairo,395,2,790,237.0
2025-04-23,Laptop,Cairo,784,4,3136,940.8
2025-02-14,Headphones,Cairo,1193,4,4772,1431.6
2025-01-15,Monitor,Cairo,543,1,543,162.9
2025-05-22,Headphones,Mansoura,1218,1,1218,365.4
2025-09-04,Monitor,Mansoura,791,1,791,237.29999999999998
2025-04-09,Headphones,Mansoura,791,2,1582,474.59999999999997
2025-10-24,Monitor,Mansoura,1312,3,3936,1180.8
2025-12-03,Smartphone,Cairo,1237,3,3711,1113.3
2025-07-25,Laptop,Alexandria,1105,4,4420,1326.0
2025-11-10,Smartphone,Cairo,775,1,775,232.5
2025-02-17,Monitor,Alexandria,295,3,885,265.5
2025-11-29,Headphones,Alexandria,184,1,184,55.199999999999996
2025-08-16,Monitor,Mansoura,1449,1,1449,434.7
2025-04-18,Monitor,Mansoura,1131,5,5655,1696.5
2025-07-13,Headphones,Mansoura,543,4,2172,651.6
2025-12-10,Headphones,Cairo,564,4,2256,676.8
2025-09-17,Monitor,Mansoura,762,5,3810,1143.0
2025-11-25,Monitor,Alexandria,103,4,412,123.6
2025-04-14,Tablet,Mansoura,961,2,1922,576.6
2025-07-23,Laptop,Alexandria,135,4,540,162.0
2025-07-23,Smartphone,Cairo,1242,4,4968,1490.3999999999999
2025-11-03,Tablet,Mansoura,550,3,1650,495.0
2025-02-17,Smartphone,Mansoura,1367,2,2734,820.1999999999999
2025-12-12,Tablet,Cairo,1093,2,2186,655.8
2025-10-18,Smartphone,Mansoura,887,5,4435,1330.5
2025-08-23,Monitor,Cairo,1396,1,1396,418.8
2025-09-30,Smartphone,Cairo,621,3,1863,558.9
2025-06-23,Headphones,Alexandria,1270,4,5080,1524.0
2025-02-13,Monitor,Mansoura,1291,2,2582,774.6
2025-03-18,Monitor,Alexandria,1375,2,2750,825.0
2025-01-05,Headphones,Mansoura,1086,5,5430,1629.0
2025-08-01,Smartphone,Cairo,723,1,723,216.9
2025-11-06,Tablet,Mansoura,706,1,706,211.79999999999998
2025-11-09,Monitor,Alexandria,447,1,447,134.1
2025-02-06,Tablet,Cairo,1066,4,4264,1279.2
2025-09-26,Smartphone,Alexandria,1375,2,2750,825.0
2025-10-31,Smartphone,Cairo,523,3,1569,470.7
2025-11-01,Smartphone,Mansoura,1258,3,3774,1132.2
2025-07-22,Smartphone,Cairo,582,1,582,174.6
2025-02-01,Laptop,Cairo,717,1,717,215.1
2025-01-13,Monitor,Alexandria,537,2,1074,322.2
2025-03-29,Smartphone,Mansoura,679,1,679,203.7
2025-03-16,Monitor,Mansoura,1081,3,3243,972.9
2025-08-31,Headphones,Mansoura,146,2,292,87.6
2025-12-07,Headphones,Cairo,689,5,3445,1033.5
2025-07-25,Monitor,Alexandria,919,3,2757,827.1
2025-10-04,Laptop,Cairo,922,2,1844,553.1999999999999
2025-09-09,Monitor,Alexandria,1494,2,2988,896.4
2025-12-20,Monitor,Cairo,1268,5,6340,1902.0
2025-08-02,Tablet,Mansoura,1497,3,4491,1347.3
2025-03-13,Tablet,Mansoura,1069,4,4276,1282.8
2025-04-03,Tablet,Alexandria,461,3,1383,414.9
2025-11-08,Monitor,Mansoura,939,2,1878,563.4
2025-03-03,Laptop,Mansoura,1003,1,1003,300.9
2025-10-18,Headphones,Alexandria,1217,3,3651,1095.3
2025-01-03,Monitor,Alexandria,563,4,2252,675.6
2025-05-13,Monitor,Alexandria,1465,3,4395,1318.5
2025-09-01,Tablet,Mansoura,334,2,668,200.4
2025-04-12,Headphones,Alexandria,228,3,684,205.2
2025-05-02,Headphones,Mansoura,1125,4,4500,1350.0
2025-12-04,Monitor,Cairo,384,1,384,115.19999999999999
2025-03-29,Laptop,Mansoura,1404,2,2808,842.4
2025-12-17,Smartphone,Mansoura,1322,3,3966,1189.8
2025-07-19,Laptop,Alexandria,1007,4,4028,1208.3999999999999
2025-03-11,Headphones,Cairo,353,4,1412,423.59999999999997
2025-08-31,Monitor,Cairo,735,3,2205,661.5
2025-12-23,Headphones,Cairo,575,1,575,172.5
2025-09-13,Laptop,Alexandria,164,5,820,246.0
2025-11-11,Monitor,Mansoura,406,2,812,243.6
2025-11-12,Laptop,Cairo,1275,3,3825,1147.5
2025-10-10,Tablet,Alexandria,297,4,1188,356.4
2025-07-12,Smartphone,Cairo,1213,2,2426,727.8
2025-04-02,Headphones,Cairo,1190,1,1190,357.0
2025-12-29,Headphones,Alexandria,751,1,751,225.29999999999998
2025-09-16,Headphones,Mansoura,1091,4,4364,1309.2
2025-11-11,Headphones,Mansoura,956,1,956,286.8
2025-07-03,Laptop,Alexandria,1336,3,4008,1202.3999999999999
2025-09-08,Tablet,Mansoura,240,2,480,144.0
2025-06-02,Tablet,Cairo,557,1,557,167.1
2025-10-09,Monitor,Mansoura,1131,4,4524,1357.2
2025-07-10,Headphones,Mansoura,399,1,399,119.69999999999999
2025-10-31,Laptop,Cairo,610,3,1830,549.0
2025-07-24,Headphones,Cairo,464,1,464,139.2
2025-05-04,Tablet,Alexandria,1480,5,7400,2220.0
2025-03-27,Monitor,Mansoura,214,2,428,128.4
2025-06-24,Tablet,Mansoura,142,1,142,42.6
2025-07-10,Headphones,Alexandria,1261,3,3783,1134.8999999999999
2025-12-11,Smartphone,Cairo,758,5,3790,1137.0
2025-01-22,Monitor,Alexandria,928,4,3712,1113.6
2025-11-09,Headphones,Alexandria,494,1,494,148.2
2025-04-05,Laptop,Alexandria,947,2,1894,568.1999999999999
2025-12-01,Laptop,Mansoura,864,4,3456,1036.8
2025-04-17,Laptop,Mansoura,908,1,908,272.4
2025-06-05,Tablet,Mansoura,1095,3,3285,985.5
2025-07-06,Laptop,Alexandria,1402,3,4206,1261.8
2025-11-06,Monitor,Cairo,1379,1,1379,413.7
2025-11-04,Tablet,Cairo,304,2,608,182.4
2025-09-02,Tablet,Cairo,1122,5,5610,1683.0
2025-04-28,Headphones,Mansoura,1201,1,1201,360.3
2025-02-13,Smartphone,Cairo,781,4,3124,937.1999999999999
2025-10-17,Laptop,Cairo,1083,2,2166,649.8
2025-01-07,Headphones,Alexandria,1274,3,3822,1146.6
2025-03-03,Monitor,Mansoura,696,5,3480,1044.0
2025-05-27,Tablet,Mansoura,379,3,1137,341.09999999999997
2025-07-18,Tablet,Alexandria,362,4,1448,434.4
2025-09-15,Tablet,Cairo,885,4,3540,1062.0
2025-08-30,Headphones,Alexandria,210,4,840,252.0
2025-12-31,Monitor,Mansoura,1149,5,5745,1723.5
2025-08-01,Smartphone,Alexandria,1250,3,3750,1125.0
2025-11-28,Headphones,Mansoura,235,4,940,282.0
2025-05-21,Laptop,Mansoura,825,4,3300,990.0
2025-04-05,Tablet,Mansoura,135,3,405,121.5
2025-02-08,Smartphone,Mansoura,289,2,578,173.4
2025-12-09,Smartphone,Alexandria,1414,1,1414,424.2
2025-09-23,Monitor,Mansoura,695,1,695,208.5
2025-10-24,Smartphone,Alexandria,194,5,970,291.0
2025-06-14,Smartphone,Mansoura,315,4,1260,378.0
2025-10-21,Monitor,Cairo,697,5,3485,1045.5
2025-04-29,Monitor,Mansoura,997,5,4985,1495.5
2025-07-26,Headphones,Mansoura,640,2,1280,384.0
2025-06-05,Laptop,Cairo,1273,3,3819,1145.7
2025-10-01,Tablet,Alexandria,1268,5,6340,1902.0
2025-08-05,Headphones,Alexandria,1087,5,5435,1630.5
2025-02-22,Headphones,Alexandria,594,3,1782,534.6
2025-10-25,Smartphone,Alexandria,1103,4,4412,1323.6
2025-05-08,Monitor,Alexandria,1401,4,5604,1681.2
2025-10-02,Headphones,Cairo,1029,2,2058,617.4
2025-02-12,Smartphone,Cairo,474,2,948,284.4
2025-08-30,Monitor,Mansoura,865,3,2595,778.5
2025-10-20,Smartphone,Cairo,909,4,3636,1090.8
2025-03-21,Monitor,Mansoura,780,5,3900,1170.0
2025-04-27,Tablet,Cairo,1179,2,2358,707.4
2025-12-08,Laptop,Mansoura,1436,4,5744,1723.2
2025-04-18,Tablet,Alexandria,1472,3,4416,1324.8
2025-08-29,Laptop,Mansoura,494,4,1976,592.8
2025-09-29,Monitor,Alexandria,210,3,630,189.0
2025-02-13,Smartphone,Cairo,122,4,488,146.4
2025-11-03,Tablet,Cairo,773,3,2319,695.6999999999999
2025-02-21,Smartphone,Mansoura,916,1,916,274.8
2025-07-16,Tablet,Mansoura,775,3,2325,697.5
2025-05-21,Headphones,Alexandria,396,2,792,237.6
2025-04-05,Laptop,Alexandria,980,3,2940,882.0
2025-04-16,Headphones,Mansoura,1082,1,1082,324.59999999999997
2025-06-30,Smartphone,Mansoura,548,5,2740,822.0
2025-07-19,Smartphone,Cairo,693,1,693,207.9
2025-05-27,Headphones,Mansoura,542,4,2168,650.4
2025-10-04,Monitor,Mansoura,970,2,1940,582.0
2025-06-28,Smartphone,Alexandria,128,3,384,115.19999999999999
2025-07-03,Monitor,Alexandria,1075,2,2150,645.0
2025-05-11,Headphones,Cairo,946,5,4730,1419.0
2025-10-18,Tablet,Alexandria,672,5,3360,1008.0
2025-05-12,Monitor,Alexandria,637,3,1911,573.3
2025-04-08,Laptop,Alexandria,718,1,718,215.4
2025-04-03,Laptop,Alexandria,1484,2,2968,890.4
2025-01-30,Tablet,Cairo,1384,3,4152,1245.6
2025-12-18,Monitor,Mansoura,507,3,1521,456.3
2025-06-04,Tablet,Cairo,1026,5,5130,1539.0
2025-12-11,Tablet,Cairo,385,5,1925,577.5
2025-08-25,Headphones,Alexandria,1012,3,3036,910.8
2025-03-03,Tablet,Mansoura,935,1,935,280.5
2025-04-18,Tablet,Mansoura,1445,3,4335,1300.5
2025-04-28,Smartphone,Cairo,1113,3,3339,1001.6999999999999
2025-03-27,Headphones,Cairo,1282,5,6410,1923.0
2025-06-13,Smartphone,Alexandria,351,2,702,210.6
2025-05-11,Tablet,Mansoura,1340,3,4020,1206.0
2025-02-22,Tablet,Cairo,1241,5,6205,1861.5
2025-12-17,Tablet,Mansoura,798,1,798,239.39999999999998
2025-05-09,Laptop,Alexandria,1358,4,5432,1629.6
2025-04-22,Monitor,Mansoura,603,2,1206,361.8
2025-06-06,Tablet,Cairo,395,4,1580,474.0
2025-03-24,Smartphone,Alexandria,888,1,888,266.4
2025-10-19,Tablet,Alexandria,679,5,3395,1018.5
2026-01-01,Tablet,Alexandria,436,2,872,261.59999999999997
2025-06-04,Monitor,Mansoura,484,4,1936,580.8
2025-01-19,Headphones,Mansoura,393,5,1965,589.5
2025-08-12,Headphones,Cairo,252,2,504,151.2
2025-01-24,Tablet,Alexandria,905,5,4525,1357.5
2025-11-08,Headphones,Alexandria,570,4,2280,684.0
2025-03-06,Laptop,Alexandria,270,4,1080,324.0
2025-09-03,Headphones,Cairo,1377,3,4131,1239.3
2025-10-29,Tablet,Mansoura,734,1,734,220.2
2025-03-01,Smartphone,Cairo,925,5,4625,1387.5
2025-10-11,Headphones,Cairo,759,3,2277,683.1
2025-02-02,Laptop,Alexandria,1370,4,5480,1644.0
2025-03-09,Smartphone,Alexandria,371,4,1484,445.2
2025-11-16,Laptop,Mansoura,713,3,2139,641.6999999999999
2025-08-13,Smartphone,Mansoura,559,3,1677,503.09999999999997
2025-01-03,Monitor,Mansoura,1210,5,6050,1815.0
2025-06-02,Laptop,Cairo,1013,3,3039,911.6999999999999
2025-05-29,Smartphone,Cairo,942,5,4710,1413.0
2025-12-12,Laptop,Alexandria,761,5,3805,1141.5
2025-12-15,Monitor,Alexandria,178,4,712,213.6
2025-08-06,Laptop,Mansoura,1414,3,4242,1272.6
2025-04-17,Smartphone,Cairo,1305,5,6525,1957.5
2025-09-02,Monitor,Alexandria,980,2,1960,588.0
2025-05-17,Smartphone,Mansoura,408,4,1632,489.59999999999997
2025-11-17,Headphones,Alexandria,1143,1,1143,342.9
2025-02-14,Smartphone,Cairo,434,3,1302,390.59999999999997
2025-06-26,Laptop,Mansoura,869,3,2607,782.1
2025-06-29,Laptop,Mansoura,1218,3,3654,1096.2
2025-04-25,Tablet,Cairo,601,1,601,180.29999999999998
2025-07-02,Smartphone,Cairo,684,3,2052,615.6
2025-04-02,Tablet,Mansoura,549,4,2196,658.8
2025-11-09,Smartphone,Mansoura,259,3,777,233.1
2025-12-29,Smartphone,Alexandria,1440,3,4320,1296.0
2025-10-27,Monitor,Cairo,1472,4,5888,1766.3999999999999
2025-09-03,Smartphone,Cairo,108,2,216,64.8
2025-09-01,Laptop,Cairo,362,3,1086,325.8
2025-09-19,Laptop,Cairo,1059,5,5295,1588.5
